profile,sample,method,bitrate,change,ineff,stall,numStall,avgStall,overflow,numOverflow,qoe,bufSize
p1,t1,abr,2616.02,95,0.270815,0,0,0,55.229,92,622398,30/60
p1,t1,ar,3189.02,37,0.300091,0,0,0,0,0,892127,30/60
p1,t1,bba,2985.53,79,0.294502,0,0,0,1.293,7,757274,30/60
p1,t1,bola,1638.41,4,0.507835,0,0,0,0,0,477261,30/60
p1,t1,dy,2888.49,40,0.376067,0,0,0,29.752,39,800025,30/60
p1,t1,elastic,2970.65,39,0.22572,0.541,2,0.2705,19.422,30,814360,30/60
p1,t1,gd,2483.1,38,0.50216,0,0,0,86.077,82,681161,30/60
p1,t1,kama,1550.87,20,0.534271,0,0,0,209.668,218,427783,30/60
p1,t1,quetra,3219.3,51,0.346262,0,0,0,0,0,883668,30/60
p1,t1,ra,3173.66,33,0.293453,0,0,0,0,0,891323,30/60
p1,t2,abr,2923.41,88,0.222902,0,0,0,91.455,55,259898,30/60
p1,t2,ar,3418.33,12,0.25816,0,0,0,1.415,2,427711,30/60
p1,t2,bba,3170.64,18,0.331041,0,0,0,18.815,8,379059,30/60
p1,t2,bola,1938.93,4,0.384054,0,0,0,0,0,243977,30/60
p1,t2,dy,3166.05,34,0.358399,0,0,0,60.837,26,368116,30/60
p1,t2,elastic,2731.56,14,0.212772,0,0,0,79.104,52,334415,30/60
p1,t2,gd,2544.31,20,0.437031,0,0,0,161.652,54,303370,30/60
p1,t2,kama,2116.7,16,0.383863,0,0,0,220.198,93,251084,30/60
p1,t2,quetra,3391.49,14,0.269537,0,0,0,0,0,422619,30/60
p1,t2,ra,3313.86,17,0.29512,0,0,0,5.282,2,408340,30/60
p1,t3,abr,2719.58,146,0.296171,0,0,0,121.116,129,657836,30/60
p1,t3,ar,3205.58,17,0.323687,0,0,0,0,0,1.01457e+06,30/60
p1,t3,bba,3353.75,94,0.387939,0,0,0,16.487,15,897247,30/60
p1,t3,bola,2887.92,7,0.325825,0,0,0,0,0,930377,30/60
p1,t3,dy,3192.47,48,0.418031,0,0,0,45.78,37,974939,30/60
p1,t3,elastic,3177.5,33,0.262131,0,0,0,2.605,6,985681,30/60
p1,t3,gd,2112.23,36,0.51243,0,0,0,177.75,143,636575,30/60
p1,t3,kama,1628.66,26,0.495838,0,0,0,269.662,251,492703,30/60
p1,t3,quetra,3168.47,13,0.312958,0,0,0,0,0,1.01184e+06,30/60
p1,t3,ra,3214.74,19,0.327697,0,0,0,0,0,1.01962e+06,30/60
p1,t4,abr,2506.9,78,0.332952,0,0,0,151.828,67,158600,30/60
p1,t4,ar,3439,18,0.214923,0,0,0,0,0,379187,30/60
p1,t4,bba,3417.9,36,0.236847,0,0,0,8.958,9,319138,30/60
p1,t4,bola,2303.02,6,0.41064,0,0,0,2.217,2,259110,30/60
p1,t4,dy,3385.94,22,0.319112,0,0,0,43.262,21,365329,30/60
p1,t4,elastic,2510.86,13,0.27022,0,0,0,134.404,77,274663,30/60
p1,t4,gd,2626.21,20,0.425071,0,0,0,135.83,50,281510,30/60
p1,t4,kama,2833.07,33,0.416092,0,0,0,121.041,45,276929,30/60
p1,t4,quetra,3087.38,13,0.322968,0,0,0,77.672,29,343804,30/60
p1,t4,ra,3422.74,15,0.204429,0,0,0,0,0,379000,30/60
p1,t5,abr,1801.32,24,0.426284,0,0,0,36.832,19,95290.7,30/60
p1,t5,ar,2708.53,16,0.467336,0,0,0,23.617,12,153641,30/60
p1,t5,bba,2521.67,20,0.50617,0,0,0,34.961,18,136660,30/60
p1,t5,bola,2111.61,4,0.368147,0,0,0,17.941,10,126030,30/60
p1,t5,dy,2541.08,30,0.521242,0,0,0,44.638,21,133108,30/60
p1,t5,elastic,2463.15,10,0.306518,0,0,0,29.868,15,139304,30/60
p1,t5,gd,2321.32,34,0.634679,0,0,0,68.184,34,117139,30/60
p1,t5,kama,2500.74,28,0.593554,0,0,0,67.792,34,129846,30/60
p1,t5,quetra,2710.09,16,0.474984,0,0,0,24.672,14,153571,30/60
p1,t5,ra,2701.98,16,0.463786,0,0,0,23.333,13,153260,30/60
p1,t6,abr,2597.4,476,0.299426,3.904,1,3.904,8.551,5,-43120.8,30/60
p1,t6,ar,3003.37,105,0.536928,0,0,0,0,0,574627,30/60
p1,t6,bba,2958.21,81,0.756234,0,0,0,0,0,538986,30/60
p1,t6,bola,2208.05,52,0.319069,1.272,1,1.272,0,0,427028,30/60
p1,t6,dy,3187.36,115,0.592498,0,0,0,13.641,9,600165,30/60
p1,t6,elastic,2649.97,55,0.267734,3.703,1,3.703,0,0,481384,30/60
p1,t6,gd,1937.96,93,0.845951,0,0,0,219.613,88,346926,30/60
p1,t6,kama,4115.37,204,0.821579,0,0,0,113.337,51,719460,30/60
p1,t6,quetra,2958.7,121,0.465301,0,0,0,0,0,558472,30/60
p1,t6,ra,3092.23,113,0.430836,0,0,0,0,0,585138,30/60
p1,t7,abr,2580.9,235,0.339005,0.526,1,0.526,44.538,53,652417,30/60
p1,t7,ar,2803.61,33,0.279821,0,0,0,1.042,5,918733,30/60
p1,t7,bba,2459.21,43,0.755528,0,0,0,27.013,33,790454,30/60
p1,t7,bola,2635.24,29,0.261376,0.783,1,0.783,0,0,859856,30/60
p1,t7,dy,2740.1,93,0.491579,0,0,0,47.928,51,850925,30/60
p1,t7,elastic,2654.59,52,0.235809,0.962,1,0.962,0,0,844841,30/60
p1,t7,gd,2507.74,105,0.571773,0,0,0,80.134,73,764919,30/60
p1,t7,kama,1672.47,141,0.713789,0,0,0,213.845,175,453239,30/60
p1,t7,quetra,2761.88,31,0.268417,0,0,0,4.285,10,903679,30/60
p1,t7,ra,2764.29,37,0.284639,0,0,0,2.523,6,899762,30/60
p2,t1,abr,2257.18,108,0.292286,0,0,0,73.277,101,493093,30/60
p2,t1,ar,3034.45,36,0.266231,0.532,1,0.532,0,0,836742,30/60
p2,t1,bba,2784.58,67,0.243828,0.565,1,0.565,4.778,10,708973,30/60
p2,t1,bola,1200,0,0.496311,0,0,0,0,0,345502,30/60
p2,t1,dy,2947,50,0.417226,0.726,1,0.726,20.208,24,792382,30/60
p2,t1,elastic,2841.9,30,0.231343,0.508,1,0.508,18.95,39,784817,30/60
p2,t1,gd,2278.91,34,0.454981,0.525,1,0.525,87.606,88,618941,30/60
p2,t1,kama,2149.96,50,0.426034,0.537,1,0.537,117.58,135,552338,30/60
p2,t1,quetra,3033.35,36,0.258132,0.528,1,0.528,0,0,836571,30/60
p2,t1,ra,3045.99,30,0.256921,0,0,0,0,0,852037,30/60
p2,t2,abr,2868.67,82,0.21033,0,0,0,97.279,52,251061,30/60
p2,t2,ar,3283.64,12,0.160656,0,0,0,18.587,7,400367,30/60
p2,t2,bba,3141.46,14,0.19951,0,0,0,6.694,5,371539,30/60
p2,t2,bola,1622,0,0.426935,0,0,0,0,0,196975,30/60
p2,t2,dy,3168.91,30,0.318894,0,0,0,55.644,23,365109,30/60
p2,t2,elastic,3002.6,14,0.18128,0,0,0,58.129,31,358218,30/60
p2,t2,gd,2455.89,20,0.359844,0,0,0,144.302,50,283619,30/60
p2,t2,kama,1874.38,8,0.359879,0,0,0,255.616,97,220574,30/60
p2,t2,quetra,3342.03,10,0.156348,0,0,0,0,0,409284,30/60
p2,t2,ra,3283.65,10,0.166552,0,0,0,0,0,401954,30/60
p2,t3,abr,2624.08,102,0.290454,1.021,2,0.5105,124.047,138,693335,30/60
p2,t3,ar,3281.54,14,0.216558,0.897,1,0.897,0,0,1.04264e+06,30/60
p2,t3,bba,3285.35,70,0.267316,0.896,1,0.896,8.615,12,921500,30/60
p2,t3,bola,1198,0,0.495958,0.851,1,0.851,0,0,387545,30/60
p2,t3,dy,2839.11,58,0.39594,0.56,1,0.56,66.173,64,842313,30/60
p2,t3,elastic,3253.42,24,0.228056,3.169,2,1.5845,1.691,2,1.01567e+06,30/60
p2,t3,gd,2385.06,44,0.410778,0.895,1,0.895,132.393,114,713553,30/60
p2,t3,kama,1980.4,46,0.421947,0.966,1,0.966,207.099,181,574544,30/60
p2,t3,quetra,3217.75,20,0.242579,0.929,1,0.929,8.699,6,1.01663e+06,30/60
p2,t3,ra,3290.35,10,0.221376,0.907,1,0.907,2.112,3,1.05629e+06,30/60
p2,t4,abr,2544.05,74,0.306716,0,0,0,135.319,60,170629,30/60
p2,t4,ar,3461.39,22,0.182344,1.412,1,1.412,0,0,360866,30/60
p2,t4,bba,3223.72,38,0.17187,0,0,0,6.193,8,287015,30/60
p2,t4,bola,1143,0,0.503038,0,0,0,0,0,125029,30/60
p2,t4,dy,3253.84,30,0.353383,3.983,1,3.983,41.459,19,314952,30/60
p2,t4,elastic,2372.34,14,0.253866,0,0,0,155.387,79,249296,30/60
p2,t4,gd,2360.43,24,0.44954,0,0,0,158.826,48,236005,30/60
p2,t4,kama,2312.13,26,0.397637,0,0,0,178.536,68,220518,30/60
p2,t4,quetra,2899.89,14,0.310802,1.709,1,1.709,93.785,37,307907,30/60
p2,t4,ra,3385.35,14,0.206088,0,0,0,0,0,366773,30/60
p2,t5,abr,1838.48,2,0.397007,1.554,2,0.777,64.553,33,105006,30/60
p2,t5,ar,2615.35,16,0.425845,0,0,0,68.477,35,149084,30/60
p2,t5,bba,2552.5,14,0.389495,0,0,0,68.956,36,144572,30/60
p2,t5,bola,1853.61,10,0.399185,0,0,0,56.921,31,105616,30/60
p2,t5,dy,2637.56,26,0.455134,0,0,0,67.255,35,143209,30/60
p2,t5,elastic,2238.26,8,0.321013,1.168,1,1.168,66.477,35,123593,30/60
p2,t5,gd,2267.91,34,0.605988,0,0,0,89.955,42,115354,30/60
p2,t5,kama,2481.38,16,0.452307,0,0,0,82.655,43,137269,30/60
p2,t5,quetra,2614.59,16,0.426745,0,0,0,64.776,35,148816,30/60
p2,t5,ra,2616.11,16,0.424898,0,0,0,66.881,35,149122,30/60
p2,t6,abr,2972.17,356,0.318529,3.308,1,3.308,24.736,26,173184,30/60
p2,t6,ar,2936.49,73,0.432889,0,0,0,0,0,571315,30/60
p2,t6,bba,2988.24,50,0.527868,0,0,0,0,0,581297,30/60
p2,t6,bola,1976.03,44,0.385742,3.294,1,3.294,0,0,365702,30/60
p2,t6,dy,3334.56,166,0.623529,0,0,0,52.446,23,606465,30/60
p2,t6,elastic,2607.95,48,0.251214,3.345,1,3.345,0,0,483666,30/60
p2,t6,gd,1394.49,73,0.881526,0,0,0,320.682,143,245011,30/60
p2,t6,kama,3915.88,234,0.820064,0,0,0,142.272,63,672498,30/60
p2,t6,quetra,2951.95,105,0.452823,0,0,0,0,0,559771,30/60
p2,t6,ra,3068.11,77,0.37266,0,0,0,0,0,591007,30/60
p2,t7,abr,2547.2,123,0.31586,0,0,0,38.93,47,740164,30/60
p2,t7,ar,2703.61,35,0.281161,0,0,0,0,0,880088,30/60
p2,t7,bba,2617.77,29,0.309704,0,0,0,19.482,32,851916,30/60
p2,t7,bola,2422.3,27,0.322091,0,0,0,0,0,788774,30/60
p2,t7,dy,2311.05,107,0.516921,0,0,0,46.763,58,693527,30/60
p2,t7,elastic,2521.99,37,0.2148,0,0,0,2.642,5,813546,30/60
p2,t7,gd,1577.9,81,0.718452,0,0,0,169.375,129,465710,30/60
p2,t7,kama,2234,131,0.649783,0,0,0,155.701,149,644487,30/60
p2,t7,quetra,2704.35,39,0.287305,0,0,0,0,0,876063,30/60
p2,t7,ra,2681.96,27,0.283912,0,0,0,0.597,2,877905,30/60
p3,t1,abr,1551.67,142,0.319468,4.371,8,0.546375,61.363,76,212222,30/60
p3,t1,ar,1942.5,27,0.23389,3.535,8,0.441875,0,0,506351,30/60
p3,t1,bba,1901.5,61,0.255296,3.821,7,0.545857,0,0,457120,30/60
p3,t1,bola,1200,0,0.369505,9.31,13,0.716154,0,0,299033,30/60
p3,t1,dy,1301.12,6,0.363858,3.734,7,0.533429,100.708,118,348465,30/60
p3,t1,elastic,1749.99,56,0.217727,4.705,6,0.784167,12.9,24,416765,30/60
p3,t1,gd,1200,0,0.370197,3.593,7,0.513286,111.044,150,325666,30/60
p3,t1,kama,1200,0,0.364954,3.733,6,0.622167,116.835,144,325683,30/60
p3,t1,quetra,2004.43,27,0.2582,3.96,6,0.66,0,0,529767,30/60
p3,t1,ra,1964.97,25,0.252674,3.532,8,0.4415,0,0,516927,30/60
p3,t2,abr,2134.87,152,0.211896,4.069,3,1.35633,98.642,52,45314,30/60
p3,t2,ar,2449.09,19,0.175111,4.081,2,2.0405,1.359,2,263991,30/60
p3,t2,bba,2162.29,23,0.210101,3.746,2,1.873,0,0,226769,30/60
p3,t2,bola,1622,0,0.245121,12.122,10,1.2122,0,0,130736,30/60
p3,t2,dy,1858.4,2,0.248596,3.956,2,1.978,162.896,72,202194,30/60
p3,t2,elastic,1995.33,25,0.202702,3.754,3,1.25133,61.936,32,199476,30/60
p3,t2,gd,1622,0,0.259661,4.115,2,2.0575,165.268,72,174494,30/60
p3,t2,kama,1622,0,0.256736,3.947,2,1.9735,165.492,71,174168,30/60
p3,t2,quetra,2076.24,10,0.192694,3.316,2,1.658,34.569,15,222170,30/60
p3,t2,ra,2481.37,18,0.176833,3.97,3,1.32333,10.241,6,267313,30/60
p3,t3,abr,1912.59,162,0.290966,1.931,1,1.931,146.742,176,370988,30/60
p3,t3,ar,2570.98,28,0.194297,1.957,1,1.957,4.733,5,798320,30/60
p3,t3,bba,2255.8,39,0.195916,2.373,1,2.373,0,0,659011,30/60
p3,t3,bola,1198,0,0.364252,2.985,2,1.4925,0,0,376442,30/60
p3,t3,dy,1580.58,18,0.368395,1.796,1,1.796,185.781,184,484049,30/60
p3,t3,elastic,2273.05,59,0.15791,3.066,2,1.533,29.787,41,659035,30/60
p3,t3,gd,1198,0,0.369919,2.611,1,2.611,240.876,242,377890,30/60
p3,t3,kama,1198,0,0.368144,2.074,1,2.074,236.843,231,382535,30/60
p3,t3,quetra,2255.47,32,0.224719,1.957,1,1.957,19.253,25,687941,30/60
p3,t3,ra,2661.28,36,0.189105,1.703,1,1.703,6.06,6,808950,30/60
p3,t4,abr,1515.65,126,0.283976,0,0,0,155.869,78,-52960,30/60
p3,t4,ar,2617,28,0.247481,8.712,2,4.356,12.265,6,212253,30/60
p3,t4,bba,2249.66,35,0.166386,0,0,0,0,0,197406,30/60
p3,t4,bola,1143,0,0.35928,0,0,0,0,0,108734,30/60
p3,t4,dy,1496.79,8,0.361861,0,0,0,210.04,82,147308,30/60
p3,t4,elastic,1517.58,24,0.240549,0,0,0,158.36,81,137872,30/60
p3,t4,gd,1143,0,0.378612,0,0,0,262.285,97,119618,30/60
p3,t4,kama,1143,0,0.380944,0,0,0,259.99,99,116728,30/60
p3,t4,quetra,2256,19,0.306991,13.164,2,6.582,88.519,32,169635,30/60
p3,t4,ra,2411.15,28,0.265717,2.261,1,2.261,17.64,9,223918,30/60
p3,t5,abr,1427.97,32,0.330184,0,0,0,33.662,18,66534.9,30/60
p3,t5,ar,1992.7,36,0.45361,4.571,1,4.571,17.963,1,88165.7,30/60
p3,t5,bba,2075.52,26,0.438241,1.212,2,0.606,17.208,11,100524,30/60
p3,t5,bola,1505.93,18,0.36506,0,0,0,8.78,6,77770.4,30/60
p3,t5,dy,1529.71,26,0.704187,4.646,1,4.646,83.289,37,63084.5,30/60
p3,t5,elastic,1340.05,23,0.321555,15.8,5,3.16,44.583,24,28878.7,30/60
p3,t5,gd,545.217,12,0.712663,0,0,0,118.571,45,22876.7,30/60
p3,t5,kama,525.961,10,0.702961,0,0,0,126.041,48,20835.2,30/60
p3,t5,quetra,2126.38,32,0.52918,3.144,2,1.572,13.832,9,101046,30/60
p3,t5,ra,2123.79,30,0.430497,4.195,1,4.195,13.167,10,98423.3,30/60
p3,t6,abr,1621.05,673,0.359381,0,0,0,55.743,41,-378585,30/60
p3,t6,ar,1773.34,139,0.408626,0,0,0,0,0,315580,30/60
p3,t6,bba,1764.52,116,0.488988,0,0,0,0,0,299459,30/60
p3,t6,bola,1268.86,90,0.385496,0,0,0,0,0,217582,30/60
p3,t6,dy,2750.59,115,0.772308,4.406,1,4.406,144.323,72,461956,30/60
p3,t6,elastic,1533.65,116,0.24289,2.765,1,2.765,0,0,232597,30/60
p3,t6,gd,275.561,11,0.79464,0,0,0,391.979,177,41986.2,30/60
p3,t6,kama,2913.18,130,0.784239,0,0,0,204.266,86,522604,30/60
p3,t6,quetra,1952.09,137,0.409989,0,0,0,0,0,343183,30/60
p3,t6,ra,1699.71,116,0.375746,0,0,0,0,0,293807,30/60
p3,t7,abr,1553.59,339,0.445035,0,0,0,113.553,125,221126,30/60
p3,t7,ar,1902.27,80,0.415236,0,0,0,0,0,573669,30/60
p3,t7,bba,1786.2,68,0.328289,0,0,0,0,0,532137,30/60
p3,t7,bola,1190.14,22,0.361322,0.774,1,0.774,0,0,375177,30/60
p3,t7,dy,1355.65,111,0.729616,0,0,0,177.753,146,364600,30/60
p3,t7,elastic,1686.2,105,0.279975,0.757,1,0.757,1.599,2,468035,30/60
p3,t7,gd,463.517,11,0.748566,0,0,0,341.882,270,139686,30/60
p3,t7,kama,784.618,51,0.735869,0,0,0,275.927,225,218257,30/60
p3,t7,quetra,1900.07,86,0.404225,0,0,0,0,0,567652,30/60
p3,t7,ra,1868.27,59,0.384614,0,0,0,0,0,574150,30/60
p4,t1,abr,1240.56,64,0.144655,62.132,33,1.88279,5.527,10,3972.12,30/60
p4,t1,ar,1298.12,6,0.136607,63.683,40,1.59208,0,0,105711,30/60
p4,t1,bba,1303.25,30,0.135568,63.721,40,1.59302,0,0,84161.1,30/60
p4,t1,bola,1200,0,0.138525,63.008,39,1.61559,0,0,86210,30/60
p4,t1,dy,1334.32,4,0.150689,63.646,37,1.72016,1.55,2,115412,30/60
p4,t1,elastic,1207.51,4,0.148454,62.814,37,1.69768,11.748,18,82566.8,30/60
p4,t1,gd,1200,0,0.152493,63.261,41,1.54295,15.357,24,83762.3,30/60
p4,t1,kama,1200,0,0.150854,63.786,42,1.51871,14.38,20,81031.7,30/60
p4,t1,quetra,1290.97,6,0.129609,63.677,38,1.67571,0,0,105133,30/60
p4,t1,ra,1272.5,8,0.13463,63.647,41,1.55237,0,0,97766.3,30/60
p4,t2,abr,1864.34,74,0.164735,52.751,19,2.77637,16.227,6,-84982.4,30/60
p4,t2,ar,1658.08,2,0.124382,52.304,19,2.75284,0.223,1,-13856.8,30/60
p4,t2,bba,1687.52,8,0.119726,244.913,25,9.79652,0,0,-800320,30/60
p4,t2,bola,1622,0,0.0879236,426.149,32,13.3172,0,0,-1.54154e+06,30/60
p4,t2,dy,1622,0,0.209295,52.388,20,2.6194,19.451,8,-18531.3,30/60
p4,t2,elastic,1633.52,2,0.157653,52.127,22,2.36941,17.316,6,-19458.3,30/60
p4,t2,gd,1622,0,0.12331,60.25,27,2.23148,16.652,5,-50189.2,30/60
p4,t2,kama,1622,0,0.15052,52.242,20,2.6121,21.623,8,-17805.6,30/60
p4,t2,quetra,1657.71,2,0.127574,53.136,19,2.79663,0,0,-20228.6,30/60
p4,t2,ra,1657.79,2,0.113793,52.595,20,2.62975,0.725,1,-16373.5,30/60
p4,t3,abr,1372.08,148,0.141252,2.604,5,0.5208,67.864,103,222093,30/60
p4,t3,ar,1919.45,24,0.155193,5.937,8,0.742125,7.542,6,574994,30/60
p4,t3,bba,1607.77,61,0.117343,5.35,5,1.07,0,0,454694,30/60
p4,t3,bola,1300.22,3,0.181517,20.374,14,1.45529,0,0,337891,30/60
p4,t3,dy,1306,4,0.144564,5.214,6,0.869,92.997,108,398768,30/60
p4,t3,elastic,1625.5,37,0.141,17.895,9,1.98833,38.26,50,420198,30/60
p4,t3,gd,1348.11,4,0.149693,5.55,6,0.925,93.696,104,410543,30/60
p4,t3,kama,1341.35,4,0.13153,4.823,3,1.60767,97.192,117,411328,30/60
p4,t3,quetra,1584.37,25,0.1508,5.162,4,1.2905,48.694,44,473523,30/60
p4,t3,ra,1779.75,34,0.129321,4.99,5,0.998,3.428,6,525845,30/60
p4,t4,abr,1209.95,120,0.14664,0,0,0,115.394,58,-52546.9,30/60
p4,t4,ar,1875.76,20,0.169609,18.539,3,6.17967,9.66,2,106761,30/60
p4,t4,bba,1482.33,39,0.15298,4.738,4,1.1845,0,0,116398,30/60
p4,t4,bola,1143,0,0.162612,9.798,5,1.9596,0,0,76988,30/60
p4,t4,dy,1143,0,0.157408,4.59,2,2.295,131.704,62,103828,30/60
p4,t4,elastic,1177.4,6,0.128891,0.545,1,0.545,114.705,59,116588,30/60
p4,t4,gd,1143,0,0.149604,3.552,2,1.776,133.067,61,107053,30/60
p4,t4,kama,1143,0,0.144155,2.82,1,2.82,130.984,62,111288,30/60
p4,t4,quetra,1198.06,2,0.144002,2.653,2,1.3265,107.241,57,114265,30/60
p4,t4,ra,2228.46,27,0.173472,52.341,10,5.2341,6.492,5,-1566.71,30/60
p4,t5,abr,932.162,78,0.394937,5.22,2,2.61,32.156,26,4258.47,30/60
p4,t5,ar,1668.64,32,0.49643,9.829,2,4.9145,3.563,2,59689.6,30/60
p4,t5,bba,1316.48,30,0.406683,13.612,1,13.612,2.821,2,34511.8,30/60
p4,t5,bola,575.438,5,0.381472,3.919,3,1.30633,0,0,21433.9,30/60
p4,t5,dy,1112.76,22,0.576407,16.409,1,16.409,46.012,21,16415.1,30/60
p4,t5,elastic,764.379,24,0.272845,6.675,4,1.66875,18.637,12,19935.9,30/60
p4,t5,gd,381.848,4,0.568893,5.253,2,2.6265,86.533,41,8033.24,30/60
p4,t5,kama,590.391,10,0.572354,0,0,0,72.408,34,26045.6,30/60
p4,t5,quetra,1310.72,34,0.476454,16.773,2,8.3865,7.941,4,23873.1,30/60
p4,t5,ra,1337.34,26,0.432304,16.781,2,8.3905,10.584,3,32070.8,30/60
p4,t6,abr,1499.86,736,0.302826,1.82,1,1.82,28.648,24,-367266,30/60
p4,t6,ar,1008.71,104,0.426338,0,0,0,0,0,175820,30/60
p4,t6,bba,1112.16,173,0.839531,0,0,0,0,0,177303,30/60
p4,t6,bola,797.829,83,0.399686,6.481,3,2.16033,0,0,95097.7,30/60
p4,t6,dy,2955.05,119,0.719875,0,0,0,80.505,42,538729,30/60
p4,t6,elastic,976.408,116,0.240437,6.182,4,1.5455,0,0,116702,30/60
p4,t6,gd,255.472,3,0.703018,0,0,0,314.032,155,40854.3,30/60
p4,t6,kama,2065.72,77,0.726915,21.588,1,21.588,200.178,99,241608,30/60
p4,t6,quetra,1147.7,112,0.465925,0,0,0,0,0,202518,30/60
p4,t6,ra,1048.36,92,0.321696,0,0,0,0,0,190246,30/60
p4,t7,abr,838.338,475,0.447946,0,0,0,98.247,123,-130087,30/60
p4,t7,ar,1194.58,43,0.441353,0,0,0,0,0,367388,30/60
p4,t7,bba,1118.13,73,0.366521,0,0,0,0,0,317204,30/60
p4,t7,bola,622.693,16,0.488139,3.726,5,0.7452,0,0,181553,30/60
p4,t7,dy,1227.75,51,0.667582,0,0,0,136.408,117,369235,30/60
p4,t7,elastic,1088.72,97,0.317172,0,0,0,6.624,9,294235,30/60
p4,t7,gd,658.178,21,0.668605,0,0,0,214.604,193,200960,30/60
p4,t7,kama,540.29,17,0.652185,0,0,0,236.242,212,163628,30/60
p4,t7,quetra,1161.7,41,0.426847,0,0,0,0,0,359516,30/60
p4,t7,ra,1173.93,45,0.402865,0,0,0,0,0,359874,30/60
p1,t1,abr,2009.71,11,0.327201,0,0,0,48.781,17,578385,120
p1,t1,ar,3158.36,24,0.346179,0,0,0,0,0,896519,120
p1,t1,bba,2878.43,14,0.401456,0,0,0,0,0,823815,120
p1,t1,bola,3020.02,6,0.335798,0,0,0,0,0,883047,120
p1,t1,dy,2500.5,46,0.413302,0,0,0,0,0,671879,120
p1,t1,elastic,3041.7,32,0.257126,0.756,1,0.756,0,0,852899,120
p1,t1,gd,2233.55,44,0.591676,0,0,0,40.695,5,599683,120
p1,t1,kama,1601.6,32,0.521325,0,0,0,121.356,21,425315,120
p1,t1,quetra,3125.99,30,0.337545,0,0,0,0,0,879232,120
p1,t1,ra,3096.87,22,0.33992,0,0,0,0,0,882659,120
p1,t2,abr,2288.35,11,0.266467,0,0,0,126.163,62,280120,120
p1,t2,ar,3551.22,12,0.291898,0,0,0,0,0,443971,120
p1,t2,bba,3179.84,10,0.3468,0,0,0,16.186,6,393709,120
p1,t2,bola,3246.32,6,0.288348,0,0,0,0,0,410517,120
p1,t2,dy,3395.04,30,0.359316,0,0,0,35.018,3,404353,120
p1,t2,elastic,3261.66,12,0.211326,0,0,0,0,0,407998,120
p1,t2,gd,3184.68,28,0.453744,0,0,0,79.704,6,377009,120
p1,t2,kama,2118.76,11,0.469113,0,0,0,204.144,4,257640,120
p1,t2,quetra,3501.96,14,0.322749,0,0,0,0,0,433719,120
p1,t2,ra,3486.88,10,0.310219,0,0,0,0,0,438370,120
p1,t3,abr,2015.92,11,0.339567,0,0,0,142.816,170,641998,120
p1,t3,ar,3174.61,17,0.349583,0,0,0,0,0,1.00803e+06,120
p1,t3,bba,3331.42,58,0.461289,0,0,0,12.036,4,966609,120
p1,t3,bola,3076.22,6,0.38268,0,0,0,0,0,993846,120
p1,t3,dy,2690.81,54,0.499692,0,0,0,31.37,10,807568,120
p1,t3,elastic,3336.04,30,0.259675,0,0,0,0,0,1.04388e+06,120
p1,t3,gd,2270.34,44,0.508621,0,0,0,109.215,11,680471,120
p1,t3,kama,1952.57,14,0.545373,0,0,0,266.28,32,617519,120
p1,t3,quetra,3061.13,18,0.388928,0,0,0,0,0,967341,120
p1,t3,ra,3162.33,19,0.373551,0,0,0,0,0,1.00232e+06,120
p1,t4,abr,1798.6,9,0.384585,0,0,0,169.83,9,197109,120
p1,t4,ar,3601.95,14,0.336536,0,0,0,0,0,399415,120
p1,t4,bba,3301.85,30,0.375419,0,0,0,0,0,318763,120
p1,t4,bola,2601.9,5,0.356724,0,0,0,0,0,294988,120
p1,t4,dy,2901.4,31,0.458184,0,0,0,30.014,4,296661,120
p1,t4,elastic,3084.66,12,0.252689,0,0,0,15.942,1,342932,120
p1,t4,gd,2391.34,26,0.497764,0,0,0,97.152,8,245937,120
p1,t4,kama,2258.9,19,0.502261,0,0,0,143.727,4,231849,120
p1,t4,quetra,3451.14,10,0.405046,0,0,0,2.206,0,391297,120
p1,t4,ra,3485.12,10,0.336862,0,0,0,0,0,394340,120
p1,t5,abr,1382.19,4,0.426599,0,0,0,0,0,81046.8,120
p1,t5,ar,2798.21,16,0.620689,0,0,0,0,0,158921,120
p1,t5,bba,2841.29,6,0.657239,0,0,0,23.442,16,168973,120
p1,t5,bola,1740.93,9,0.338464,0,0,0,0,0,98519.9,120
p1,t5,dy,2747.05,10,0.528655,0,0,0,15.571,9,159075,120
p1,t5,elastic,2070.76,11,0.346127,0,0,0,0,0,114343,120
p1,t5,gd,2616.24,30,0.68492,0,0,0,17.795,8,139248,120
p1,t5,kama,1230.98,16,0.838183,0,0,0,44.025,21,63241.6,120
p1,t5,quetra,2793.21,16,0.597177,0,0,0,0,0,158696,120
p1,t5,ra,2796.31,16,0.593955,0,0,0,0,0,158743,120
p1,t6,abr,2228.36,38,0.355483,3.742,1,3.742,72.586,48,422286,120
p1,t6,ar,3005.12,90,0.435842,0,0,0,0,0,584478,120
p1,t6,bba,3058.93,43,0.703239,0,0,0,0,0,606049,120
p1,t6,bola,2586.9,16,0.289507,3.502,1,3.502,0,0,511100,120
p1,t6,dy,2777.72,93,0.642563,0,0,0,14.136,6,531730,120
p1,t6,elastic,2629.28,42,0.269846,3.571,1,3.571,0,0,495180,120
p1,t6,gd,1541.53,107,0.845907,0,0,0,209.431,88,265607,120
p1,t6,kama,4393.63,162,0.802095,0,0,0,101.688,43,815612,120
p1,t6,quetra,2867.26,40,0.371532,0,0,0,0,0,571869,120
p1,t6,ra,2909.5,52,0.368381,0,0,0,0,0,575127,120
p1,t7,abr,2189.86,46,0.381902,0,0,0,63.728,66,699052,120
p1,t7,ar,2821.56,25,0.323659,0,0,0,0,0,931637,120
p1,t7,bba,2671.24,19,0.389113,0,0,0,15.318,17,882817,120
p1,t7,bola,2630.52,13,0.268223,0.986,1,0.986,0,0,871021,120
p1,t7,dy,2824.87,61,0.463958,0,0,0,11.832,14,898734,120
p1,t7,elastic,2654.77,33,0.245729,0.861,1,0.861,0,0,862959,120
p1,t7,gd,1655.48,93,0.65721,0,0,0,125.439,94,487736,120
p1,t7,kama,1539.79,111,0.775797,0,0,0,204.754,162,434707,120
p1,t7,quetra,2851.94,27,0.318423,0,0,0,0,0,938485,120
p1,t7,ra,2863.15,33,0.329281,0,0,0,0,0,937797,120
p2,t1,abr,1827.17,12,0.331089,0,0,0,55.828,87,516491,120
p2,t1,ar,2732.93,21,0.289821,0.523,1,0.523,0,0,768154,120
p2,t1,bba,2584.81,23,0.365083,0.592,1,0.592,0,0,711678,120
p2,t1,bola,2839.56,5,0.301034,0.594,1,0.594,0,0,822007,120
p2,t1,dy,2519.51,42,0.396732,0.52,1,0.52,4.141,4,679197,120
p2,t1,elastic,2636.76,41,0.255355,0,0,0,0,0,711363,120
p2,t1,gd,2171.93,38,0.497175,0,0,0,51.182,7,577382,120
p2,t1,kama,1624.78,24,0.501664,0.537,1,0.537,122.306,132,432959,120
p2,t1,quetra,2714.77,27,0.288971,0,0,0,0,0,757458,120
p2,t1,ra,2723.84,25,0.297338,0,0,0,0,0,762143,120
p2,t2,abr,2037.47,10,0.280432,0,0,0,134.56,15,240919,120
p2,t2,ar,2889.23,9,0.185174,0,0,0,0,0,351891,120
p2,t2,bba,3144.14,16,0.267871,0,0,0,0,0,368912,120
p2,t2,bola,2250.66,1,0.312422,0,0,0,0,0,278965,120
p2,t2,dy,2763.5,25,0.257151,0,0,0,28.598,11,316568,120
p2,t2,elastic,3074.32,10,0.187121,0,0,0,0,0,375042,120
p2,t2,gd,2642.01,22,0.317666,0,0,0,38.815,12,304754,120
p2,t2,kama,2014.82,10,0.373694,0,0,0,169.971,13,235831,120
p2,t2,quetra,3181.64,14,0.205866,0,0,0,0,0,386516,120
p2,t2,ra,3218.4,14,0.177101,0,0,0,0,0,388738,120
p2,t3,abr,1856.15,13,0.33342,1.489,1,1.489,150.977,189,580077,120
p2,t3,ar,3226.88,22,0.272138,0.944,1,0.944,0,0,1.01476e+06,120
p2,t3,bba,3246.43,58,0.313325,0.944,1,0.944,1.012,1,934575,120
p2,t3,bola,1198,0,0.474161,1.012,1,1.012,0,0,386502,120
p2,t3,dy,3081.85,34,0.413798,0.689,1,0.689,44.72,35,959636,120
p2,t3,elastic,3226.48,42,0.26677,8.13,2,4.065,0,0,958986,120
p2,t3,gd,2260.44,44,0.457103,0.991,1,0.991,111.847,51,672474,120
p2,t3,kama,2347.79,38,0.463668,0.998,1,0.998,180.882,151,706661,120
p2,t3,quetra,3279.87,20,0.268117,1.648,1,1.648,0,0,1.03395e+06,120
p2,t3,ra,3236.61,18,0.276622,0.99,1,0.99,0,0,1.02414e+06,120
p2,t4,abr,1591.08,8,0.379506,0,0,0,180.614,19,164952,120
p2,t4,ar,3364.59,14,0.209671,0,0,0,0,0,363305,120
p2,t4,bba,2908.49,23,0.263672,0,0,0,0,0,281454,120
p2,t4,bola,2289.26,3,0.344636,0,0,0,0,0,255572,120
p2,t4,dy,3116.67,23,0.368965,0,0,0,7.784,1,322777,120
p2,t4,elastic,2731.3,9,0.208283,0,0,0,2.77,0,300242,120
p2,t4,gd,3146.12,28,0.406277,0,0,0,64.494,9,321736,120
p2,t4,kama,2139.13,22,0.434902,0,0,0,139.217,7,210509,120
p2,t4,quetra,3018.17,10,0.295239,0,0,0,10.059,0,329953,120
p2,t4,ra,3074.59,11,0.233071,0,0,0,0,0,336886,120
p2,t5,abr,1840.57,2,0.437646,0.944,1,0.944,0,0,106401,120
p2,t5,ar,2612.68,6,0.472662,0,0,0,10.68,4,153373,120
p2,t5,bba,2398.65,6,0.490727,0,0,0,15.674,6,140402,120
p2,t5,bola,1838.13,2,0.436527,2.043,2,1.0215,0,0,103933,120
p2,t5,dy,2507.93,16,0.568625,0,0,0,15.379,6,139946,120
p2,t5,elastic,2438.13,6,0.337699,1.382,2,0.691,0,0,136829,120
p2,t5,gd,982.693,24,0.700753,0,0,0,31.945,10,42814.9,120
p2,t5,kama,2149.32,14,0.686243,0,0,0,50.94,19,119828,120
p2,t5,quetra,2593.83,6,0.489459,0,0,0,9.697,3,152355,120
p2,t5,ra,2597.04,6,0.478903,0,0,0,10.747,4,152474,120
p2,t6,abr,1752.19,39,0.350563,3.271,1,3.271,51.599,28,322006,120
p2,t6,ar,2701.17,86,0.465855,0,0,0,0,0,514442,120
p2,t6,bba,2613.46,26,0.350103,0,0,0,0,0,524189,120
p2,t6,bola,2530.78,14,0.295404,2.942,1,2.942,0,0,496663,120
p2,t6,dy,3682.03,130,0.553767,0,0,0,31.905,15,679161,120
p2,t6,elastic,2450.87,40,0.267917,3.09,1,3.09,0,0,458763,120
p2,t6,gd,2723.98,141,0.760337,0,0,0,94.681,42,480484,120
p2,t6,kama,2986.71,175,0.810363,0,0,0,134.337,67,510406,120
p2,t6,quetra,2562.44,75,0.421295,0,0,0,0,0,492634,120
p2,t6,ra,2747.67,32,0.34009,0,0,0,0,0,545023,120
p2,t7,abr,1920.01,35,0.353768,0,0,0,39.312,39,612050,120
p2,t7,ar,2682.7,23,0.307198,0,0,0,0,0,881457,120
p2,t7,bba,2493.17,28,0.391475,0,0,0,8.423,14,810633,120
p2,t7,bola,2571.95,11,0.287041,0,0,0,0,0,852569,120
p2,t7,dy,2320.93,85,0.47164,0,0,0,26.275,21,708109,120
p2,t7,elastic,2489.41,41,0.255322,0,0,0,0,0,798196,120
p2,t7,gd,1042.76,77,0.725709,0,0,0,210.577,170,289379,120
p2,t7,kama,2261.42,113,0.690591,0,0,0,137.155,118,668298,120
p2,t7,quetra,2670.91,25,0.302809,0,0,0,0,0,876223,120
p2,t7,ra,2664.43,21,0.294456,0,0,0,0,0,875877,120
p3,t1,abr,1330.26,10,0.32994,4.629,7,0.661286,29.967,44,351217,120
p3,t1,ar,1857.74,19,0.282344,3.998,6,0.666333,0,0,492109,120
p3,t1,bba,1832.87,27,0.310598,3.533,8,0.441625,0,0,486719,120
p3,t1,bola,1831.27,8,0.267039,4.625,6,0.770833,0,0,499668,120
p3,t1,dy,1795.68,2,0.391625,4.094,8,0.51175,63.716,63,495592,120
p3,t1,elastic,1827.57,53,0.267902,4.496,8,0.562,0,0,439579,120
p3,t1,gd,1250.21,4,0.383749,3.827,5,0.7654,58.73,58,332876,120
p3,t1,kama,1200,0,0.389119,4.297,6,0.716167,62.895,66,318869,120
p3,t1,quetra,1860.76,19,0.274043,3.894,6,0.649,0,0,498935,120
p3,t1,ra,1794.16,20,0.29217,3.774,8,0.47175,0,0,477474,120
p3,t2,abr,1689.76,4,0.227745,4.776,3,1.592,86.63,39,171718,120
p3,t2,ar,2249.3,10,0.222806,3.668,2,1.834,0,0,244707,120
p3,t2,bba,2104.98,19,0.234865,4.161,2,2.0805,0,0,219345,120
p3,t2,bola,2147.87,5,0.238771,5.04,3,1.68,0,0,228371,120
p3,t2,dy,1622,0,0.253525,3.774,2,1.887,105.936,3,174837,120
p3,t2,elastic,2097.7,31,0.181991,3.926,2,1.963,15.124,8,204880,120
p3,t2,gd,1622,0,0.258279,4.175,2,2.0875,116.15,48,173312,120
p3,t2,kama,1622,0,0.254715,3.907,2,1.9535,119.176,48,171384,120
p3,t2,quetra,2175.37,14,0.188492,4.212,2,2.106,0,0,231360,120
p3,t2,ra,2222.81,14,0.212664,3.81,2,1.905,5.249,3,239550,120
p3,t3,abr,1357.23,32,0.27696,3.254,2,1.627,147.964,158,402072,120
p3,t3,ar,2349.79,29,0.244402,1.808,1,1.808,0,0,724359,120
p3,t3,bba,2085.84,23,0.25906,2.314,1,2.314,0,0,625825,120
p3,t3,bola,1923.17,1,0.220537,1.891,2,0.9455,0,0,619324,120
p3,t3,dy,1405.35,10,0.383925,1.936,1,1.936,171.326,165,437970,120
p3,t3,elastic,2280.69,77,0.166548,2.529,2,1.2645,0,0,639302,120
p3,t3,gd,1203.54,2,0.387523,1.946,1,1.946,200.918,198,383155,120
p3,t3,kama,1198,0,0.39492,2.034,1,2.034,200.092,195,381932,120
p3,t3,quetra,2429.59,47,0.283264,1.745,1,1.745,0,0,728708,120
p3,t3,ra,2385.68,31,0.237335,2.43,1,2.43,0,0,728862,120
p3,t4,abr,1401.75,9,0.30453,0,0,0,127.013,14,135137,120
p3,t4,ar,2552.72,18,0.296587,0,0,0,0,0,257118,120
p3,t4,bba,1992.01,9,0.26285,0,0,0,0,0,197917,120
p3,t4,bola,1744.98,1,0.251104,0,0,0,0,0,184705,120
p3,t4,dy,1522.59,4,0.392632,0,0,0,167.081,6,153387,120
p3,t4,elastic,1880.29,23,0.173416,0,0,0,19.325,15,181424,120
p3,t4,gd,1143,0,0.406977,0,0,0,196.602,5,113822,120
p3,t4,kama,1143,0,0.402218,0,0,0,198.817,8,112261,120
p3,t4,quetra,2546.18,18,0.316823,0,0,0,2.962,0,257450,120
p3,t4,ra,2632.22,20,0.27912,0,0,0,0,0,266405,120
p3,t5,abr,1004.14,16,0.382705,2.138,2,1.069,0,0,40944.4,120
p3,t5,ar,1891.62,15,0.451249,0,0,0,0,0,101654,120
p3,t5,bba,1593.16,13,0.471792,0,0,0,0,0,83344.8,120
p3,t5,bola,1489.84,13,0.388135,0,0,0,0,0,79236,120
p3,t5,dy,776.595,18,0.688661,0,0,0,17.464,6,33835.1,120
p3,t5,elastic,1132.55,28,0.347913,8.608,4,2.152,0,0,23635.8,120
p3,t5,gd,437.928,8,0.712135,0,0,0,46.845,16,17964.5,120
p3,t5,kama,354.515,2,0.768388,0,0,0,62.419,22,17401.5,120
p3,t5,quetra,1763.07,13,0.481591,0,0,0,0,0,96428.4,120
p3,t5,ra,1761.89,13,0.516347,0,0,0,0,0,93379.2,120
p3,t6,abr,1230.08,58,0.383925,0,0,0,81.896,49,224803,120
p3,t6,ar,1803.6,64,0.405201,0,0,0,0,0,333626,120
p3,t6,bba,1649.75,67,0.691036,0,0,0,0,0,304990,120
p3,t6,bola,1465.86,31,0.277176,0,0,0,0,0,273822,120
p3,t6,dy,2922.55,129,0.781067,0,0,0,90.708,47,528667,120
p3,t6,elastic,1399.19,109,0.266098,2.753,1,2.753,0,0,211314,120
p3,t6,gd,980.622,23,0.811347,0,0,0,285.964,135,178615,120
p3,t6,kama,1437.22,61,0.787388,0,0,0,219.283,105,262073,120
p3,t6,quetra,1805.25,76,0.428024,0,0,0,0,0,334011,120
p3,t6,ra,1654.19,79,0.39688,0,0,0,0,0,298226,120
p3,t7,abr,947.015,53,0.43431,0,0,0,68.417,82,273087,120
p3,t7,ar,1723.51,37,0.383863,0,0,0,0,0,543669,120
p3,t7,bba,1507.69,33,0.858008,0,0,0,0,0,472411,120
p3,t7,bola,1671.47,17,0.324779,0,0,0,0,0,540925,120
p3,t7,dy,1083.42,81,0.748195,0,0,0,173.838,141,298125,120
p3,t7,elastic,1707.36,82,0.288712,0.768,1,0.768,0,0,497855,120
p3,t7,gd,548.485,33,0.735433,0,0,0,262.809,213,152830,120
p3,t7,kama,757.254,53,0.742991,0,0,0,239.786,194,208210,120
p3,t7,quetra,1759.59,36,0.346862,0,0,0,0,0,556806,120
p3,t7,ra,1661.38,33,0.363783,0,0,0,0,0,523620,120
p4,t1,abr,1231.02,68,0.153777,62.587,41,1.52651,0,0,-3500.96,120
p4,t1,ar,1200,0,0.148817,63.888,42,1.52114,0,0,80306,120
p4,t1,bba,1200,0,0.150929,63.601,41,1.55124,0,0,82725,120
p4,t1,bola,1200,0,0.146151,62.995,36,1.74986,0,0,82999.7,120
p4,t1,dy,1200,0,0.148392,63.684,41,1.55327,0,0,83163.7,120
p4,t1,elastic,1200,0,0.159721,63.545,36,1.76514,0,0,78674.2,120
p4,t1,gd,1200,0,0.148263,63.725,39,1.63397,0,0,80297.8,120
p4,t1,kama,1200,0,0.152793,63.89,39,1.63821,0,0,82421.6,120
p4,t1,quetra,1200,0,0.142265,63.907,37,1.72722,0,0,81035.8,120
p4,t1,ra,1200,0,0.151058,63.309,41,1.54412,0,0,85513,120
p4,t2,abr,1907.87,66,0.128366,53.048,20,2.6524,0,0,-69342.2,120
p4,t2,ar,1622,0,0.144854,52.748,20,2.6374,0,0,-19338.5,120
p4,t2,bba,1725.26,5,0.113018,52.695,21,2.50929,0,0,-9389.05,120
p4,t2,bola,1622,0,0.123832,51.741,20,2.58705,0,0,-19151,120
p4,t2,dy,1622,0,0.157603,52.663,20,2.63315,0,0,-22698,120
p4,t2,elastic,1622,0,0.1204,52.106,23,2.26548,0,0,-21438.2,120
p4,t2,gd,1622,0,0.169608,52.762,20,2.6381,0,0,-21723.6,120
p4,t2,kama,1622,0,0.160205,52.58,21,2.50381,0,0,-21189.5,120
p4,t2,quetra,1622,0,0.15696,52.653,21,2.50729,0,0,-21487.1,120
p4,t2,ra,1622,0,0.211014,52.568,20,2.6284,0,0,-22004.9,120
p4,t3,abr,1602.73,154,0.156008,4.459,4,1.11475,0,0,281727,120
p4,t3,ar,1574.99,17,0.130104,5.143,5,1.0286,5.482,5,476438,120
p4,t3,bba,1609.9,53,0.108333,4.797,6,0.7995,0,0,465151,120
p4,t3,bola,1301.59,3,0.175305,19.631,11,1.78464,0,0,340719,120
p4,t3,dy,1284.01,4,0.136556,5.722,7,0.817429,63.605,66,390161,120
p4,t3,elastic,1844.2,37,0.11173,18.794,11,1.70855,9.546,9,477533,120
p4,t3,gd,1198,0,0.130851,4.949,4,1.23725,73.503,83,370960,120
p4,t3,kama,1198,0,0.136267,5.361,6,0.8935,72.982,83,368716,120
p4,t3,quetra,1308.93,10,0.1335,6.034,8,0.75425,32.326,32,392265,120
p4,t3,ra,1693.91,15,0.0951301,4.745,3,1.58167,3.645,5,516699,120
p4,t4,abr,1221.85,112,0.142689,1.983,2,0.9915,0,0,-46154.2,120
p4,t4,ar,1418.02,7,0.131059,3.277,1,3.277,0,0,137161,120
p4,t4,bba,1453.37,27,0.117747,3.324,2,1.662,0,0,126730,120
p4,t4,bola,1143,0,0.160361,8.767,4,2.19175,0,0,83500.2,120
p4,t4,dy,1537.27,4,0.152149,3.085,2,1.5425,7.681,4,150676,120
p4,t4,elastic,1291.52,5,0.121266,0,0,0,39.647,24,131965,120
p4,t4,gd,1143,0,0.14138,2.84,1,2.84,52.641,27,111292,120
p4,t4,kama,1143,0,0.130819,2.665,2,1.3325,53.452,28,111060,120
p4,t4,quetra,1421.06,9,0.140038,2.94,2,1.47,0,0,136582,120
p4,t4,ra,1848.06,8,0.12388,2.754,2,1.377,7.439,3,187987,120
p4,t5,abr,1021,100,0.338769,3.822,3,1.274,0,0,3537.48,120
p4,t5,ar,823.144,12,0.440198,0,0,0,0,0,40713.1,120
p4,t5,bba,732.215,8,0.405924,0,0,0,0,0,38371.1,120
p4,t5,bola,536.214,6,0.416687,4.014,2,2.007,0,0,19379.7,120
p4,t5,dy,354.063,2,0.534285,0,0,0,2.462,1,17735.8,120
p4,t5,elastic,660.524,17,0.283716,6.87,3,2.29,0,0,16234.1,120
p4,t5,gd,353.568,2,0.543434,0,0,0,2.49,1,18109.7,120
p4,t5,kama,355.166,2,0.535495,0,0,0,2.475,1,16922.8,120
p4,t5,quetra,814.871,10,0.42126,0,0,0,0,0,40088,120
p4,t5,ra,771.441,8,0.423353,0,0,0,0,0,40731.6,120
p4,t6,abr,808.863,719,0.355408,17.207,6,2.86783,0,0,-562082,120
p4,t6,ar,927.789,69,0.376728,0,0,0,0,0,165015,120
p4,t6,bba,1179.05,82,0.754955,0,0,0,0,0,212025,120
p4,t6,bola,913.312,19,0.242033,14.491,2,7.2455,0,0,88373.9,120
p4,t6,dy,3408.96,91,0.700798,0,0,0,16.101,12,657655,120
p4,t6,elastic,1042.91,109,0.255785,10.723,4,2.68075,0,0,112968,120
p4,t6,gd,1882.77,47,0.726596,0,0,0,130.117,57,358066,120
p4,t6,kama,1259.6,23,0.708423,0,0,0,189.045,93,242735,120
p4,t6,quetra,1157.46,75,0.379802,0,0,0,0,0,214183,120
p4,t6,ra,1012.4,55,0.361021,0,0,0,0,0,185025,120
p4,t7,abr,1107.61,525,0.407686,0,0,0,0,0,-85090.2,120
p4,t7,ar,1306.09,39,0.41504,0,0,0,0,0,407016,120
p4,t7,bba,969.259,71,0.812495,0,0,0,0,0,272446,120
p4,t7,bola,769.042,12,0.36487,0,0,0,0,0,244443,120
p4,t7,dy,1104.45,51,0.632713,0,0,0,97.814,86,328589,120
p4,t7,elastic,1073.16,87,0.325847,0,0,0,0,0,297689,120
p4,t7,gd,448.568,13,0.618246,0,0,0,191.601,167,137153,120
p4,t7,kama,631.366,27,0.641721,0,0,0,173.926,157,186279,120
p4,t7,quetra,1176.12,43,0.412406,0,0,0,0,0,361086,120
p4,t7,ra,1123.17,35,0.389785,0,0,0,0,0,347130,120
p1,t1,abr,1784.4,8,0.312697,0.714,1,0.714,0,0,512299,240
p1,t1,ar,2993.37,30,0.430847,0,0,0,0,0,843280,240
p1,t1,bba,2189.01,25,0.51853,0,0,0,0,0,606435,240
p1,t1,bola,3007.48,6,0.317486,0,0,0,0,0,879532,240
p1,t1,dy,3011.09,26,0.508967,0,0,0,0,0,852604,240
p1,t1,elastic,2732.58,26,0.301122,0.995,1,0.995,0,0,766238,240
p1,t1,gd,2026.46,22,0.478565,0,0,0,0,0,572384,240
p1,t1,kama,1461.47,16,0.552995,0,0,0,58.688,8,407093,240
p1,t1,quetra,3067.45,28,0.437248,0,0,0,0,0,867495,240
p1,t1,ra,2972.11,20,0.428796,0,0,0,0,0,851259,240
p1,t2,abr,2023.57,10,0.261874,0,0,0,33.592,1,249033,240
p1,t2,ar,3344.53,14,0.361288,0,0,0,0,0,416343,240
p1,t2,bba,3080.28,16,0.438686,0,0,0,0,0,370429,240
p1,t2,bola,3245.98,6,0.281371,0,0,0,0,0,410607,240
p1,t2,dy,2381.39,22,0.388445,0,0,0,0,0,284383,240
p1,t2,elastic,3051.55,14,0.226956,0,0,0,0,0,376857,240
p1,t2,gd,2288.68,30,0.435951,0,0,0,31.703,1,260535,240
p1,t2,kama,2013.59,10,0.421011,0,0,0,78.007,1,244954,240
p1,t2,quetra,3390.57,12,0.354004,0,0,0,0,0,425096,240
p1,t2,ra,3371.28,14,0.36253,0,0,0,0,0,418821,240
p1,t3,abr,1659.68,8,0.338159,0.636,2,0.318,68.043,80,528055,240
p1,t3,ar,3310.43,18,0.485556,0,0,0,0,0,1.05564e+06,240
p1,t3,bba,3220.05,36,0.506683,0,0,0,0,0,976919,240
p1,t3,bola,3078.48,6,0.384275,0,0,0,0,0,994725,240
p1,t3,dy,2339,34,0.578256,0,0,0,0,0,718821,240
p1,t3,elastic,3171.93,22,0.300067,0,0,0,0,0,1.01014e+06,240
p1,t3,gd,1927.15,36,0.568694,0,0,0,61.489,5,579786,240
p1,t3,kama,1514.77,14,0.535083,0,0,0,151.197,16,472961,240
p1,t3,quetra,3333.98,18,0.475579,0,0,0,0,0,1.0606e+06,240
p1,t3,ra,3390.23,20,0.457818,0,0,0,0,0,1.08032e+06,240
p1,t4,abr,1576.46,8,0.382409,0,0,0,73.574,7,171611,240
p1,t4,ar,3416.56,16,0.425266,0,0,0,0,0,369596,240
p1,t4,bba,2364.49,13,0.438936,0,0,0,0,0,247920,240
p1,t4,bola,2897.22,6,0.335417,0,0,0,0,0,328381,240
p1,t4,dy,3564.22,24,0.507704,0,0,0,0,0,381752,240
p1,t4,elastic,2240.99,7,0.260757,0,0,0,0,0,250774,240
p1,t4,gd,2315.43,26,0.521989,0,0,0,4.066,0,236977,240
p1,t4,kama,1316.88,6,0.616706,0,0,0,177.831,3,144999,240
p1,t4,quetra,2399.4,12,0.436513,0,0,0,0,0,263010,240
p1,t4,ra,3447.1,14,0.389372,0,0,0,0,0,381404,240
p1,t5,abr,1390.39,4,0.409138,0,0,0,0,0,81434.8,240
p1,t5,ar,2878.11,6,0.616803,0,0,0,0,0,171245,240
p1,t5,bba,1842.61,5,0.794272,0,0,0,0,0,108997,240
p1,t5,bola,1753.6,7,0.332722,0,0,0,0,0,101276,240
p1,t5,dy,2838.82,8,0.657536,0,0,0,0,0,166721,240
p1,t5,elastic,1580.47,6,0.385897,0,0,0,0,0,90533.7,240
p1,t5,gd,2807.77,16,0.64158,0,0,0,0,0,159472,240
p1,t5,kama,354.067,4,0.912456,0,0,0,0,0,19163.7,240
p1,t5,quetra,2877.59,6,0.653682,0,0,0,0,0,171088,240
p1,t5,ra,2877.72,6,0.663213,0,0,0,0,0,170893,240
p1,t6,abr,1730.74,52,0.464776,3.414,1,3.414,14.084,5,317143,240
p1,t6,ar,3192.38,33,0.415714,0,0,0,0,0,650271,240
p1,t6,bba,2556.4,22,0.503344,0,0,0,0,0,522684,240
p1,t6,bola,2591.72,18,0.291622,3.607,1,3.607,0,0,511007,240
p1,t6,dy,1657.68,85,0.621081,0,0,0,0.102,1,308741,240
p1,t6,elastic,2281.94,38,0.318284,3.92,1,3.92,0,0,430253,240
p1,t6,gd,1957.48,99,0.781788,0,0,0,92.417,43,359354,240
p1,t6,kama,2279.77,119,0.884837,0,0,0,102.213,42,412935,240
p1,t6,quetra,3157.26,33,0.402205,0,0,0,0,0,634575,240
p1,t6,ra,3291.43,51,0.423818,0,0,0,0,0,658528,240
p1,t7,abr,2523.29,29,0.380451,0.611,1,0.611,0,0,823740,240
p1,t7,ar,2696.28,21,0.372343,0,0,0,0,0,890668,240
p1,t7,bba,2289.36,8,0.511806,0,0,0,0,0,764851,240
p1,t7,bola,2664,17,0.271449,0.682,1,0.682,0,0,880046,240
p1,t7,dy,2743.98,89,0.578982,0,0,0,0,0,855682,240
p1,t7,elastic,2474.56,57,0.324988,1.306,1,1.306,0,0,780887,240
p1,t7,gd,1540.64,79,0.714958,0,0,0,45.77,36,456115,240
p1,t7,kama,2440.01,109,0.766419,0,0,0,107.928,76,737698,240
p1,t7,quetra,2689.84,17,0.351785,0,0,0,0,0,892015,240
p1,t7,ra,2698.3,25,0.382944,0,0,0,0,0,887455,240
p2,t1,abr,2136.97,11,0.317472,0,0,0,0,0,610240,240
p2,t1,ar,2621.3,19,0.37339,0.575,1,0.575,0,0,735102,240
p2,t1,bba,2815.81,4,0.447076,0,0,0,0,0,818767,240
p2,t1,bola,2879.81,5,0.303534,0,0,0,0,0,835424,240
p2,t1,dy,1911.14,30,0.44792,0,0,0,0,0,515456,240
p2,t1,elastic,2444.78,21,0.305441,0.501,1,0.501,0,0,685173,240
p2,t1,gd,3021.85,20,0.505597,0.52,1,0.52,0,0,858594,240
p2,t1,kama,1394.22,12,0.563595,0.509,1,0.509,65.527,69,384006,240
p2,t1,quetra,2401.34,24,0.370432,0,0,0,0,0,666147,240
p2,t1,ra,2626.82,19,0.370129,0.748,1,0.748,0,0,736721,240
p2,t2,abr,2282.76,7,0.274942,0,0,0,32.666,2,275240,240
p2,t2,ar,2851.4,11,0.276021,0,0,0,0,0,345928,240
p2,t2,bba,3093.53,4,0.351072,0,0,0,6.313,0,382909,240
p2,t2,bola,2248.33,1,0.316141,0,0,0,0,0,278872,240
p2,t2,dy,3225.47,24,0.348515,0,0,0,0,0,379068,240
p2,t2,elastic,2618.51,11,0.232073,0,0,0,0,0,315319,240
p2,t2,gd,3025.84,26,0.37807,0,0,0,50.715,2,352611,240
p2,t2,kama,2697.46,10,0.460944,0,0,0,130.623,12,325248,240
p2,t2,quetra,2864.85,11,0.273811,0,0,0,0,0,343179,240
p2,t2,ra,2852.69,13,0.280584,0,0,0,0,0,345306,240
p2,t3,abr,1962.55,13,0.363256,1.471,1,1.471,64.616,20,616318,240
p2,t3,ar,2737,15,0.307698,0.989,1,0.989,0,0,862080,240
p2,t3,bba,3255.34,36,0.426148,1.08,1,1.08,2.994,2,982846,240
p2,t3,bola,1198,0,0.472123,0.729,1,0.729,0,0,387635,240
p2,t3,dy,3296.96,22,0.468569,1.239,1,1.239,11.845,11,1.04238e+06,240
p2,t3,elastic,3154.8,62,0.298359,2.58,2,1.29,0,0,919318,240
p2,t3,gd,1990.74,24,0.457321,0.927,1,0.927,46.877,34,613870,240
p2,t3,kama,1489.29,20,0.500161,1.016,1,1.016,144.831,132,452749,240
p2,t3,quetra,2738.78,15,0.31289,0.726,1,0.726,0,0,863803,240
p2,t3,ra,2746.07,17,0.324309,0.898,1,0.898,0,0,868984,240
p2,t4,abr,1763.98,5,0.390573,0,0,0,78.695,4,191965,240
p2,t4,ar,2949.34,9,0.295311,0,0,0,0,0,322101,240
p2,t4,bba,3221.38,16,0.394264,0,0,0,0,0,335062,240
p2,t4,bola,2872.65,5,0.294352,0,0,0,0,0,319237,240
p2,t4,dy,3431.39,20,0.419392,0,0,0,0,0,371539,240
p2,t4,elastic,3149.2,22,0.274957,0,0,0,0,0,325994,240
p2,t4,gd,1916.18,24,0.484957,0,0,0,48.214,3,183112,240
p2,t4,kama,2940.34,10,0.482142,0,0,0,87.706,2,322773,240
p2,t4,quetra,3412.48,8,0.340494,0,0,0,0,0,383454,240
p2,t4,ra,3423.62,6,0.30133,0,0,0,0,0,386118,240
p2,t5,abr,1840.93,2,0.434025,1.147,1,1.147,0,0,105995,240
p2,t5,ar,2419.91,6,0.58574,0,0,0,0,0,141581,240
p2,t5,bba,1597.72,5,0.701446,0,0,0,0,0,92507.5,240
p2,t5,bola,1839.93,2,0.430616,1.324,1,1.324,0,0,105791,240
p2,t5,dy,755.203,16,0.694133,0,0,0,0,0,33975.6,240
p2,t5,elastic,2425.53,2,0.332872,1.309,1,1.309,0,0,140399,240
p2,t5,gd,651.215,10,0.701954,0,0,0,0,0,31131.2,240
p2,t5,kama,353.332,2,0.798929,0,0,0,0,0,18285.8,240
p2,t5,quetra,2465.94,6,0.606063,0,0,0,0,0,144414,240
p2,t5,ra,2408.26,6,0.587543,0,0,0,0,0,141124,240
p2,t6,abr,2100.46,29,0.388533,3.266,1,3.266,0,0,400248,240
p2,t6,ar,2392.87,26,0.407298,0,0,0,0,0,475165,240
p2,t6,bba,2506.91,20,0.817276,0,0,0,0,0,508487,240
p2,t6,bola,2534.44,16,0.300222,3.315,1,3.315,0,0,492975,240
p2,t6,dy,4207.68,100,0.705466,0,0,0,15.037,9,824095,240
p2,t6,elastic,1803.26,33,0.325403,3.281,1,3.281,0,0,334497,240
p2,t6,gd,3934.77,84,0.779479,0,0,0,84.095,39,770022,240
p2,t6,kama,4101.19,120,0.820731,0,0,0,115.104,45,778369,240
p2,t6,quetra,2429.11,24,0.39511,0,0,0,0,0,483813,240
p2,t6,ra,2452.05,29,0.400933,0,0,0,0,0,485512,240
p2,t7,abr,2303.46,32,0.405953,0,0,0,0,0,746633,240
p2,t7,ar,2623.69,17,0.370708,0,0,0,0,0,865283,240
p2,t7,bba,2641.27,17,0.501466,0,0,0,0,0,871197,240
p2,t7,bola,2585.79,15,0.282319,0,0,0,0,0,853395,240
p2,t7,dy,2404.17,74,0.544079,0,0,0,0.361,1,748481,240
p2,t7,elastic,2150.94,42,0.331318,0,0,0,0,0,684660,240
p2,t7,gd,2408.78,67,0.712582,0,0,0,101.09,81,756697,240
p2,t7,kama,2434.86,87,0.736541,0,0,0,94.58,78,747581,240
p2,t7,quetra,2440.94,16,0.351336,0,0,0,0,0,804432,240
p2,t7,ra,2448.09,26,0.363865,0,0,0,0,0,798057,240
p3,t1,abr,1343.42,12,0.323575,4.782,7,0.683143,0,0,347521,240
p3,t1,ar,1809,15,0.353746,3.858,8,0.48225,0,0,481732,240
p3,t1,bba,1713.18,5,0.33875,3.764,7,0.537714,0,0,472531,240
p3,t1,bola,1853.02,10,0.25817,4.878,7,0.696857,0,0,500806,240
p3,t1,dy,1220.17,4,0.430278,3.91,8,0.48875,18.366,20,325357,240
p3,t1,elastic,1364.64,26,0.323176,4.541,7,0.648714,0,0,340094,240
p3,t1,gd,1200,0,0.436905,3.943,8,0.492875,20.629,1,320972,240
p3,t1,kama,1278.76,4,0.432836,3.975,10,0.3975,13.131,14,342692,240
p3,t1,quetra,1782.02,15,0.332266,3.878,6,0.646333,0,0,478278,240
p3,t1,ra,1825.01,11,0.349377,3.569,8,0.446125,0,0,492426,240
p3,t2,abr,1699.53,4,0.220358,4.062,2,2.031,0,0,182393,240
p3,t2,ar,2141.92,7,0.20894,4.029,2,2.0145,0,0,235146,240
p3,t2,bba,2059.51,11,0.228712,3.933,2,1.9665,0,0,225061,240
p3,t2,bola,2129.93,3,0.231795,4.971,2,2.4855,0,0,229245,240
p3,t2,dy,1622,0,0.311778,4.185,2,2.0925,45.514,14,173691,240
p3,t2,elastic,1954.37,15,0.202232,4.046,3,1.34867,0,0,204418,240
p3,t2,gd,1622,0,0.307369,3.853,2,1.9265,46.784,14,174596,240
p3,t2,kama,1622,0,0.307298,4.14,2,2.07,46.712,14,173418,240
p3,t2,quetra,2114.1,14,0.217145,3.94,2,1.97,0,0,224345,240
p3,t2,ra,2037.84,12,0.222509,3.835,2,1.9175,0,0,216608,240
p3,t3,abr,1321.73,22,0.299722,1.922,2,0.961,73.09,73,406403,240
p3,t3,ar,2711.97,18,0.289407,1.971,1,1.971,0,0,857522,240
p3,t3,bba,1967.64,19,0.331813,1.952,1,1.952,0,0,612059,240
p3,t3,bola,2154.28,5,0.219575,3.219,2,1.6095,0,0,682941,240
p3,t3,dy,1232.34,4,0.381642,1.939,1,1.939,109.747,96,387987,240
p3,t3,elastic,2180.25,53,0.207842,3.119,2,1.5595,0,0,642005,240
p3,t3,gd,1198,0,0.38664,2.193,1,2.193,111.902,96,382104,240
p3,t3,kama,1240.34,4,0.380881,1.678,2,0.839,108.371,91,392416,240
p3,t3,quetra,2711.51,28,0.300997,1.91,2,0.955,0,0,841720,240
p3,t3,ra,2651.93,14,0.270898,1.843,2,0.9215,0,0,841506,240
p3,t4,abr,1305.21,10,0.300885,0,0,0,45,3,131068,240
p3,t4,ar,2799.21,10,0.26144,0,0,0,0,0,301080,240
p3,t4,bba,1840.27,11,0.361704,0,0,0,0,0,186907,240
p3,t4,bola,1745.38,1,0.249373,0,0,0,0,0,186521,240
p3,t4,dy,1143,0,0.376658,0,0,0,114.411,1,117924,240
p3,t4,elastic,1619.27,22,0.237448,0,0,0,0,0,148844,240
p3,t4,gd,1143,0,0.378762,0,0,0,114.014,4,112973,240
p3,t4,kama,1262.71,4,0.370549,0,0,0,95.085,1,127543,240
p3,t4,quetra,2232.11,11,0.297029,0,0,0,0,0,234940,240
p3,t4,ra,1987.74,8,0.269515,0,0,0,0,0,211189,240
p3,t5,abr,855.363,15,0.391478,0,0,0,0,0,41717.6,240
p3,t5,ar,2084.63,12,0.583309,0,0,0,0,0,114796,240
p3,t5,bba,872.662,4,0.671217,0,0,0,0,0,47808.3,240
p3,t5,bola,1495.83,11,0.384744,0,0,0,0,0,81300.6,240
p3,t5,dy,842.446,10,0.725681,0,0,0,0,0,44364,240
p3,t5,elastic,1071.6,22,0.355184,10.051,4,2.51275,0,0,25410.7,240
p3,t5,gd,484.722,8,0.755605,0,0,0,0,0,20450.8,240
p3,t5,kama,357.28,2,0.770881,0,0,0,0,0,15335.7,240
p3,t5,quetra,2029.37,8,0.538773,0,0,0,0,0,113174,240
p3,t5,ra,970.868,6,0.543174,0,0,0,0,0,52319.4,240
p3,t6,abr,1043.21,60,0.38328,0,0,0,0,0,174836,240
p3,t6,ar,2094.97,74,0.418234,0,0,0,0,0,397941,240
p3,t6,bba,1655.75,19,0.439044,0,0,0,0,0,327059,240
p3,t6,bola,1518.77,33,0.286365,0,0,0,0,0,286762,240
p3,t6,dy,2860.07,133,0.788265,0,0,0,20.38,11,521164,240
p3,t6,elastic,1453.65,117,0.340669,2.446,1,2.446,0,0,228033,240
p3,t6,gd,850.695,27,0.81725,0,0,0,190.934,78,152408,240
p3,t6,kama,1835.95,89,0.809754,0,0,0,98.998,38,322962,240
p3,t6,quetra,1921.46,55,0.41578,0,0,0,0,0,366080,240
p3,t6,ra,2005.17,52,0.416042,0,0,0,0,0,383228,240
p3,t7,abr,957.325,46,0.464561,0,0,0,19.75,18,280578,240
p3,t7,ar,1676.28,41,0.448945,0,0,0,0,0,525365,240
p3,t7,bba,1449.67,7,0.584611,0,0,0,0,0,476186,240
p3,t7,bola,1703.21,15,0.321373,0,0,0,0,0,553349,240
p3,t7,dy,1269.57,83,0.733798,0,0,0,84.277,66,360711,240
p3,t7,elastic,1909.66,75,0.338418,0.901,1,0.901,0,0,576903,240
p3,t7,gd,476.363,27,0.76737,0,0,0,188.331,149,127479,240
p3,t7,kama,881.954,73,0.760034,0,0,0,120.342,99,237745,240
p3,t7,quetra,1663.14,37,0.41608,0,0,0,0,0,522576,240
p3,t7,ra,1658.69,43,0.444764,0,0,0,0,0,516448,240
p4,t1,abr,1200,0,0.153942,62.043,34,1.82479,0,0,84561.8,240
p4,t1,ar,1200,0,0.152381,64.009,41,1.5612,0,0,80687.3,240
p4,t1,bba,1200,0,0.147861,63.993,40,1.59982,0,0,81011.2,240
p4,t1,bola,1200,0,0.15503,62.479,32,1.95247,0,0,84225.6,240
p4,t1,dy,1200,0,0.145764,63.959,37,1.72862,0,0,81060.4,240
p4,t1,elastic,1200,0,0.147094,62.543,36,1.73731,0,0,85098.9,240
p4,t1,gd,1200,0,0.150655,63.247,41,1.54261,0,0,86119.8,240
p4,t1,kama,1200,0,0.155258,63.692,41,1.55346,0,0,82630.7,240
p4,t1,quetra,1200,0,0.146506,63.614,41,1.55156,0,0,83934.5,240
p4,t1,ra,1200,0,0.146798,63.88,40,1.597,0,0,82864.4,240
p4,t2,abr,1622,0,0.122225,52.268,21,2.48895,0,0,-17149.2,240
p4,t2,ar,1622,0,0.159564,52.836,21,2.516,0,0,-23476.7,240
p4,t2,bba,1622,0,0.205573,52.462,21,2.49819,0,0,-20337.4,240
p4,t2,bola,1622,0,0.156206,51.949,20,2.59745,0,0,-22200.6,240
p4,t2,dy,1622,0,0.188843,52.519,20,2.62595,0,0,-20553.5,240
p4,t2,elastic,1622,0,0.119226,52.161,22,2.37095,0,0,-21670.6,240
p4,t2,gd,1622,0,0.176659,52.58,20,2.629,0,0,-21878.5,240
p4,t2,kama,1622,0,0.185282,52.451,19,2.76058,0,0,-21152.8,240
p4,t2,quetra,1622,0,0.1578,52.55,20,2.6275,0,0,-21336.3,240
p4,t2,ra,1622,0,0.186388,52.533,21,2.50157,0,0,-18551.7,240
p4,t3,abr,1198,0,0.107671,2.134,4,0.5335,0,0,382243,240
p4,t3,ar,1482.46,9,0.123016,4.86,5,0.972,0,0,456231,240
p4,t3,bba,1525.82,23,0.122355,5.016,5,1.0032,0,0,460047,240
p4,t3,bola,1281,1,0.157801,1.506,5,0.3012,0,0,409142,240
p4,t3,dy,1198,0,0.124774,4.898,5,0.9796,0,0,370919,240
p4,t3,elastic,1447.09,3,0.127436,3.873,5,0.7746,0,0,453626,240
p4,t3,gd,1198,0,0.120731,4.982,5,0.9964,0,0,370776,240
p4,t3,kama,1198,0,0.128417,5.467,6,0.911167,0,0,368720,240
p4,t3,quetra,1475.14,9,0.108879,4.652,3,1.55067,0,0,455664,240
p4,t3,ra,1462.15,5,0.11083,4.695,5,0.939,0,0,454159,240
p4,t4,abr,1143,0,0.115572,0,0,0,0,0,117672,240
p4,t4,ar,1369.68,5,0.142236,2.443,2,1.2215,0,0,134051,240
p4,t4,bba,1384.36,15,0.125936,2.842,2,1.421,0,0,130720,240
p4,t4,bola,1143,0,0.129197,0,0,0,0,0,119535,240
p4,t4,dy,1143,0,0.122467,2.646,2,1.323,0,0,109371,240
p4,t4,elastic,1143,0,0.125932,0.579,1,0.579,0,0,117870,240
p4,t4,gd,1143,0,0.119333,2.851,2,1.4255,0,0,111122,240
p4,t4,kama,1143,0,0.115535,2.609,2,1.3045,0,0,111019,240
p4,t4,quetra,1370.97,5,0.140222,3.154,2,1.577,0,0,134295,240
p4,t4,ra,1369.86,5,0.152003,2.612,2,1.306,0,0,133749,240
p4,t5,abr,744.81,14,0.384774,19.731,3,6.577,0,0,-5504.6,240
p4,t5,ar,485.85,3,0.499714,0,0,0,0,0,25797.7,240
p4,t5,bba,486.092,3,0.514425,0,0,0,0,0,24877.2,240
p4,t5,bola,814.067,8,0.295525,21.897,3,7.299,0,0,-3130.68,240
p4,t5,dy,353.281,2,0.531418,0,0,0,0,0,18310.2,240
p4,t5,elastic,606.198,19,0.374379,9.788,2,4.894,0,0,6436.63,240
p4,t5,gd,354.284,2,0.545607,0,0,0,0,0,17594.8,240
p4,t5,kama,353.5,2,0.545409,0,0,0,0,0,18175.4,240
p4,t5,quetra,513.66,7,0.508734,0,0,0,0,0,26382.5,240
p4,t5,ra,487.117,3,0.502006,0,0,0,0,0,24645.6,240
p4,t6,abr,598.846,61,0.370689,1.224,1,1.224,0,0,93535.2,240
p4,t6,ar,982.979,36,0.382417,0,0,0,0,0,184907,240
p4,t6,bba,972.852,38,0.367509,0,0,0,0,0,184703,240
p4,t6,bola,950.045,39,0.292626,1.573,1,1.573,0,0,166371,240
p4,t6,dy,1613.43,45,0.657183,0,0,0,94.388,39,299068,240
p4,t6,elastic,896.125,92,0.349982,6.041,4,1.51025,0,0,114289,240
p4,t6,gd,255.754,3,0.66852,0,0,0,150.705,66,38446.3,240
p4,t6,kama,2403.41,57,0.670776,0,0,0,33.907,16,459164,240
p4,t6,quetra,1004.41,42,0.375532,0,0,0,0,0,189229,240
p4,t6,ra,1003.07,50,0.383839,0,0,0,0,0,188921,240
p4,t7,abr,490.914,23,0.407699,0,0,0,0,0,148079,240
p4,t7,ar,1091.05,37,0.443284,0,0,0,0,0,336062,240
p4,t7,bba,1011.36,27,0.439118,0,0,0,0,0,316255,240
p4,t7,bola,843.694,9,0.359406,0,0,0,0,0,269968,240
p4,t7,dy,555.548,23,0.626717,0,0,0,75.925,66,165421,240
p4,t7,elastic,1002.83,69,0.367335,0,0,0,0,0,289395,240
p4,t7,gd,1761.22,23,0.642644,0,0,0,70.106,60,571440,240
p4,t7,kama,1753.26,25,0.639475,0,0,0,67.427,60,565530,240
p4,t7,quetra,1437.28,43,0.454975,0,0,0,0,0,450315,240
p4,t7,ra,1070.6,27,0.45407,0,0,0,0,0,337852,240



